"file","caption","alt_text","category","png_time","StartTime"
"bio5_weightatsize.png","Weight-at-age for females",NA,"Bio",2025-04-10 08:31:32.829732,"StartTime: Wed Apr 9 11:47:53 2025"
"bio6_maturity.png","Spawning output at age (maturity x fecundity)",NA,"Bio",2025-04-10 08:31:32.829732,"StartTime: Wed Apr 9 11:47:53 2025"
"bio21_natmort.png","Natural mortality at age",NA,"Bio",2025-04-10 08:31:32.829732,"StartTime: Wed Apr 9 11:47:53 2025"
"sel02_multiple_fleets_age1.png","Selectivity at age for multiple fleets.",NA,"Sel",2025-04-10 08:31:32.829732,"StartTime: Wed Apr 9 11:47:53 2025"
"sel02_multiple_fleets_age2.png","Selectivity at age derived from selectivity at length for multiple fleets.",NA,"Sel",2025-04-10 08:31:32.829732,"StartTime: Wed Apr 9 11:47:53 2025"
"sel11_timevary_surf_flt1sex1.png","Time-varying selectivity for Fishery",NA,"Sel",2025-04-10 08:31:32.829732,"StartTime: Wed Apr 9 11:47:53 2025"
"sel12_timevary_contour_flt1sex1.png","Time-varying selectivity for Fishery",NA,"Sel",2025-04-10 08:31:32.829732,"StartTime: Wed Apr 9 11:47:53 2025"
"sel13_age_flt1sex1.png","Ending year selectivity for Fishery",NA,"Sel",2025-04-10 08:31:32.829732,"StartTime: Wed Apr 9 11:47:53 2025"
"sel14_age_flt2sex1.png","Ending year selectivity for Acoustic_Survey",NA,"Sel",2025-04-10 08:31:32.829732,"StartTime: Wed Apr 9 11:47:53 2025"
"sel14_age_flt3sex1.png","Ending year selectivity for bottom_Survey",NA,"Sel",2025-04-10 08:31:32.829732,"StartTime: Wed Apr 9 11:47:53 2025"
"sel14_age_flt4sex1.png","Ending year selectivity for AVO",NA,"Sel",2025-04-10 08:31:32.829732,"StartTime: Wed Apr 9 11:47:53 2025"
"sel14_age_flt5sex1.png","Ending year selectivity for Age1_ATS",NA,"Sel",2025-04-10 08:31:32.829732,"StartTime: Wed Apr 9 11:47:53 2025"
"sel14_age_flt6sex1.png","Ending year selectivity for Age1_BTS",NA,"Sel",2025-04-10 08:31:32.829732,"StartTime: Wed Apr 9 11:47:53 2025"
"sel22_uncertaintysexFem.png","Uncertainty in selectivity for Acoustic_Survey ",NA,"Sel",2025-04-10 08:31:32.829732,"StartTime: Wed Apr 9 11:47:53 2025"
"ts7_Spawning_output.png","Spawning output",NA,"Timeseries",2025-04-10 08:31:32.829732,"StartTime: Wed Apr 9 11:47:53 2025"
"ts7_Spawning_output_with_95_intervals.png","Spawning output with ~95% asymptotic intervals",NA,"Timeseries",2025-04-10 08:31:32.829732,"StartTime: Wed Apr 9 11:47:53 2025"
"ts9_Relative_spawning_output.png","Relative spawning output: no_depletion_basis",NA,"Timeseries",2025-04-10 08:31:32.829732,"StartTime: Wed Apr 9 11:47:53 2025"
"ts9_Relative_spawning_output_intervals.png","Relative spawning output: no_depletion_basis with ~95% asymptotic intervals",NA,"Timeseries",2025-04-10 08:31:32.829732,"StartTime: Wed Apr 9 11:47:53 2025"
"ts1_Total_biomass_(t).png","Total biomass (t)",NA,"Timeseries",2025-04-10 08:31:32.829732,"StartTime: Wed Apr 9 11:47:53 2025"
"ts4_Summary_biomass_(t).png","Summary biomass (t)",NA,"Timeseries",2025-04-10 08:31:32.829732,"StartTime: Wed Apr 9 11:47:53 2025"
"ts11_Age-0_recruits_(1000s).png","Age-0 recruits (1,000s)",NA,"Timeseries",2025-04-10 08:31:32.829732,"StartTime: Wed Apr 9 11:47:53 2025"
"ts11_Age-0_recruits_(1000s)_with_95_asymptotic_intervals.png","Age-0 recruits (1,000s) with ~95% asymptotic intervals",NA,"Timeseries",2025-04-10 08:31:32.829732,"StartTime: Wed Apr 9 11:47:53 2025"
"ts_summaryF.png","Summary F (definition of F depends on setting in starter.ss)",NA,"Timeseries",2025-04-10 08:31:32.829732,"StartTime: Wed Apr 9 11:47:53 2025"
"ts_DynamicB0.png","Dynamic B0 plot. The lower line shows the time series of estimated Spawning output in the presence of fishing mortality. The upper line shows the time series that could occur under the same dynamics (including deviations in recruitment), but without fishing. The point at the left represents the unfished equilibrium.",NA,"Timeseries",2025-04-10 08:31:32.829732,"StartTime: Wed Apr 9 11:47:53 2025"
"recdevs1_points.png","Recruitment deviations",NA,"RecDev",2025-04-10 08:31:32.829732,"StartTime: Wed Apr 9 11:47:53 2025"
"recdevs2_withbars.png","Recruitment deviations with 95% intervals",NA,"RecDev",2025-04-10 08:31:32.829732,"StartTime: Wed Apr 9 11:47:53 2025"
"recdevs3_varcheck.png","Recruitment deviations variance check.<br> See later figure of transformed variance values for comparison with bias adjustment settings in the model.",NA,"RecDev",2025-04-10 08:31:32.829732,"StartTime: Wed Apr 9 11:47:53 2025"
"recruit_fit_bias_adjust.png","Points are transformed variances. Red line shows current settings for bias adjustment specified in control file. Blue line shows least squares estimate of alternative bias adjustment relationship for recruitment deviations (which may or may not be an improvement. For more information, see<br> 
<blockquote>Methot, R.D. and Taylor, I.G., 2011. Adjusting for bias due to variability of estimated recruitments in fishery assessment models. <i>Can. J. Fish. Aquat. Sci.</i>, 68:1744-1760.</blockquote><br> 
Estimated alternative inputs to SS control file associated with blue line in figure: 
<pre>1951.7   #_last_early_yr_nobias_adj_in_MPD 
1974.6   #_first_yr_fullbias_adj_in_MPD 
2023.0   #_last_yr_fullbias_adj_in_MPD 
2023.1   #_first_recent_yr_nobias_adj_in_MPD 
0.8935  #_max_bias_adj_in_MPD (1.0 to mimic pre-2009 models) </pre>",NA,"RecDev",2025-04-10 08:31:32.829732,"StartTime: Wed Apr 9 11:47:53 2025"
"SR_curve.png","Stock-recruit curve.  Point colors indicate year, with warmer colors indicating earlier years and cooler colors in showing later years.",NA,"S-R",2025-04-10 08:31:32.829732,"StartTime: Wed Apr 9 11:47:53 2025"
"SR_curve2.png","Stock-recruit curve with labels on first, last, and years with (log) deviations > 0.5. Point colors indicate year, with warmer colors indicating earlier years and cooler colors in showing later years.",NA,"S-R",2025-04-10 08:31:32.829732,"StartTime: Wed Apr 9 11:47:53 2025"
"SR_resids.png","Deviations around the stock-recruit curve. Labels are on first, last, and years with (log) deviations > 0.5. Point colors indicate year, with warmer colors indicating earlier years and cooler colors in showing later years.",NA,"S-R",2025-04-10 08:31:32.829732,"StartTime: Wed Apr 9 11:47:53 2025"
"catch1_landings.png","landings",NA,"Catch",2025-04-10 08:31:32.829732,"StartTime: Wed Apr 9 11:47:53 2025"
"catch2_landings_stacked.png","landings_stacked",NA,"Catch",2025-04-10 08:31:32.829732,"StartTime: Wed Apr 9 11:47:53 2025"
"catch9_harvest_rate.png","harvest_rate",NA,"Catch",2025-04-10 08:31:32.829732,"StartTime: Wed Apr 9 11:47:53 2025"
"SPR1_series.png","Timeseries of SPR. Horizontal line is at SPR target: 0.4",NA,"SPR",2025-04-10 08:31:32.829732,"StartTime: Wed Apr 9 11:47:53 2025"
"SPR2_minusSPRseries.png","Timeseries of 1-SPR. Horizontal line is at 1 - SPR target: 1 - 0.4 = 0.6",NA,"SPR",2025-04-10 08:31:32.829732,"StartTime: Wed Apr 9 11:47:53 2025"
"SPR3_ratiointerval.png","Timeseries of SPR ratio: (1-SPR)/(1-SPR_40%)",NA,"SPR",2025-04-10 08:31:32.829732,"StartTime: Wed Apr 9 11:47:53 2025"
"SPR4_phase.png","Phase plot of biomass ratio vs. SPR ratio.<br> Each point represents the biomass ratio at the start of the year and the relative fishing intensity in that same year. Warmer colors (red) represent early years and colder colors (blue) represent recent years. Lines through the final point show 95% intervals based on the asymptotic uncertainty for each dimension. The shaded ellipse is a 95% region which accounts for the estimated correlation between the two quantities: -0.089. ",NA,"SPR",2025-04-10 08:31:32.829732,"StartTime: Wed Apr 9 11:47:53 2025"
"index1_cpuedata_Acoustic_Survey.png","Index data for Acoustic_Survey. Lines indicate 95% uncertainty interval around index values based on the model assumption of lognormal error. Thicker lines (if present) indicate input uncertainty before addition of estimated additional uncertainty parameter.",NA,"Index",2025-04-10 08:31:32.829732,"StartTime: Wed Apr 9 11:47:53 2025"
"index2_cpuefit_Acoustic_Survey.png","Fit to index data for Acoustic_Survey. Lines indicate 95% uncertainty interval around index values based on the model assumption of lognormal error. Thicker lines (if present) indicate input uncertainty before addition of estimated additional uncertainty parameter.",NA,"Index",2025-04-10 08:31:32.829732,"StartTime: Wed Apr 9 11:47:53 2025"
"index3_obs_vs_exp_Acoustic_Survey.png","Observed vs. expected index values with smoother for Acoustic_Survey",NA,"Index",2025-04-10 08:31:32.829732,"StartTime: Wed Apr 9 11:47:53 2025"
"index4_logcpuedata_Acoustic_Survey.png","Log index data for Acoustic_Survey. Lines indicate 95% uncertainty interval around index values based on the model assumption of lognormal error. Thicker lines (if present) indicate input uncertainty before addition of estimated additional uncertainty parameter.",NA,"Index",2025-04-10 08:31:32.829732,"StartTime: Wed Apr 9 11:47:53 2025"
"index5_logcpuefit_Acoustic_Survey.png","Fit to log index data on log scale for Acoustic_Survey. Lines indicate 95% uncertainty interval around index values based on the model assumption of lognormal error. Thicker lines (if present) indicate input uncertainty before addition of estimated additional uncertainty parameter.",NA,"Index",2025-04-10 08:31:32.829732,"StartTime: Wed Apr 9 11:47:53 2025"
"index6_log_obs_vs_exp_Acoustic_Survey.png","log(observed) vs. log(expected) index values with smoother for Acoustic_Survey",NA,"Index",2025-04-10 08:31:32.829732,"StartTime: Wed Apr 9 11:47:53 2025"
"index10_resids_SE_total_Acoustic_Survey.png","Residuals of fit to index for Acoustic_Survey.<br>Values are (log(Obs) - log(Exp))/SE where SE is the total standard error including any estimated additional uncertainty.",NA,"Index",2025-04-10 08:31:32.829732,"StartTime: Wed Apr 9 11:47:53 2025"
"index12_resids_SE_total_Acoustic_Survey.png","Deviations for fit to index for Acoustic_Survey.<br>Values are log(Obs) - log(Exp) and thus independent of index uncertainty.",NA,"Index",2025-04-10 08:31:32.829732,"StartTime: Wed Apr 9 11:47:53 2025"
"index1_cpuedata_bottom_Survey.png","Index data for bottom_Survey. Lines indicate 95% uncertainty interval around index values based on the model assumption of lognormal error. Thicker lines (if present) indicate input uncertainty before addition of estimated additional uncertainty parameter.",NA,"Index",2025-04-10 08:31:32.829732,"StartTime: Wed Apr 9 11:47:53 2025"
"index2_cpuefit_bottom_Survey.png","Fit to index data for bottom_Survey. Lines indicate 95% uncertainty interval around index values based on the model assumption of lognormal error. Thicker lines (if present) indicate input uncertainty before addition of estimated additional uncertainty parameter.",NA,"Index",2025-04-10 08:31:32.829732,"StartTime: Wed Apr 9 11:47:53 2025"
"index3_obs_vs_exp_bottom_Survey.png","Observed vs. expected index values with smoother for bottom_Survey",NA,"Index",2025-04-10 08:31:32.829732,"StartTime: Wed Apr 9 11:47:53 2025"
"index4_logcpuedata_bottom_Survey.png","Log index data for bottom_Survey. Lines indicate 95% uncertainty interval around index values based on the model assumption of lognormal error. Thicker lines (if present) indicate input uncertainty before addition of estimated additional uncertainty parameter.",NA,"Index",2025-04-10 08:31:32.829732,"StartTime: Wed Apr 9 11:47:53 2025"
"index5_logcpuefit_bottom_Survey.png","Fit to log index data on log scale for bottom_Survey. Lines indicate 95% uncertainty interval around index values based on the model assumption of lognormal error. Thicker lines (if present) indicate input uncertainty before addition of estimated additional uncertainty parameter.",NA,"Index",2025-04-10 08:31:32.829732,"StartTime: Wed Apr 9 11:47:53 2025"
"index6_log_obs_vs_exp_bottom_Survey.png","log(observed) vs. log(expected) index values with smoother for bottom_Survey",NA,"Index",2025-04-10 08:31:32.829732,"StartTime: Wed Apr 9 11:47:53 2025"
"index10_resids_SE_total_bottom_Survey.png","Residuals of fit to index for bottom_Survey.<br>Values are (log(Obs) - log(Exp))/SE where SE is the total standard error including any estimated additional uncertainty.",NA,"Index",2025-04-10 08:31:32.829732,"StartTime: Wed Apr 9 11:47:53 2025"
"index12_resids_SE_total_bottom_Survey.png","Deviations for fit to index for bottom_Survey.<br>Values are log(Obs) - log(Exp) and thus independent of index uncertainty.",NA,"Index",2025-04-10 08:31:32.829732,"StartTime: Wed Apr 9 11:47:53 2025"
"index1_cpuedata_AVO.png","Index data for AVO. Lines indicate 95% uncertainty interval around index values based on the model assumption of lognormal error. Thicker lines (if present) indicate input uncertainty before addition of estimated additional uncertainty parameter.",NA,"Index",2025-04-10 08:31:32.829732,"StartTime: Wed Apr 9 11:47:53 2025"
"index2_cpuefit_AVO.png","Fit to index data for AVO. Lines indicate 95% uncertainty interval around index values based on the model assumption of lognormal error. Thicker lines (if present) indicate input uncertainty before addition of estimated additional uncertainty parameter.",NA,"Index",2025-04-10 08:31:32.829732,"StartTime: Wed Apr 9 11:47:53 2025"
"index3_obs_vs_exp_AVO.png","Observed vs. expected index values with smoother for AVO",NA,"Index",2025-04-10 08:31:32.829732,"StartTime: Wed Apr 9 11:47:53 2025"
"index4_logcpuedata_AVO.png","Log index data for AVO. Lines indicate 95% uncertainty interval around index values based on the model assumption of lognormal error. Thicker lines (if present) indicate input uncertainty before addition of estimated additional uncertainty parameter.",NA,"Index",2025-04-10 08:31:32.829732,"StartTime: Wed Apr 9 11:47:53 2025"
"index5_logcpuefit_AVO.png","Fit to log index data on log scale for AVO. Lines indicate 95% uncertainty interval around index values based on the model assumption of lognormal error. Thicker lines (if present) indicate input uncertainty before addition of estimated additional uncertainty parameter.",NA,"Index",2025-04-10 08:31:32.829732,"StartTime: Wed Apr 9 11:47:53 2025"
"index6_log_obs_vs_exp_AVO.png","log(observed) vs. log(expected) index values with smoother for AVO",NA,"Index",2025-04-10 08:31:32.829732,"StartTime: Wed Apr 9 11:47:53 2025"
"index10_resids_SE_total_AVO.png","Residuals of fit to index for AVO.<br>Values are (log(Obs) - log(Exp))/SE where SE is the total standard error including any estimated additional uncertainty.",NA,"Index",2025-04-10 08:31:32.829732,"StartTime: Wed Apr 9 11:47:53 2025"
"index12_resids_SE_total_AVO.png","Deviations for fit to index for AVO.<br>Values are log(Obs) - log(Exp) and thus independent of index uncertainty.",NA,"Index",2025-04-10 08:31:32.829732,"StartTime: Wed Apr 9 11:47:53 2025"
"index1_cpuedata_Age1_ATS.png","Index data for Age1_ATS. Lines indicate 95% uncertainty interval around index values based on the model assumption of T-distributed error with 13 degrees of freedom. Thicker lines (if present) indicate input uncertainty before addition of estimated additional uncertainty parameter.",NA,"Index",2025-04-10 08:31:32.829732,"StartTime: Wed Apr 9 11:47:53 2025"
"index2_cpuefit_Age1_ATS.png","Fit to index data for Age1_ATS. Lines indicate 95% uncertainty interval around index values based on the model assumption of T-distributed error with 13 degrees of freedom. Thicker lines (if present) indicate input uncertainty before addition of estimated additional uncertainty parameter.",NA,"Index",2025-04-10 08:31:32.829732,"StartTime: Wed Apr 9 11:47:53 2025"
"index3_obs_vs_exp_Age1_ATS.png","Observed vs. expected index values with smoother for Age1_ATS",NA,"Index",2025-04-10 08:31:32.829732,"StartTime: Wed Apr 9 11:47:53 2025"
"index4_logcpuedata_Age1_ATS.png","Log index data for Age1_ATS. Lines indicate 95% uncertainty interval around index values based on the model assumption of T-distributed error with 13 degrees of freedom. Thicker lines (if present) indicate input uncertainty before addition of estimated additional uncertainty parameter.",NA,"Index",2025-04-10 08:31:32.829732,"StartTime: Wed Apr 9 11:47:53 2025"
"index5_logcpuefit_Age1_ATS.png","Fit to log index data on log scale for Age1_ATS. Lines indicate 95% uncertainty interval around index values based on the model assumption of T-distributed error with 13 degrees of freedom. Thicker lines (if present) indicate input uncertainty before addition of estimated additional uncertainty parameter.",NA,"Index",2025-04-10 08:31:32.829732,"StartTime: Wed Apr 9 11:47:53 2025"
"index6_log_obs_vs_exp_Age1_ATS.png","log(observed) vs. log(expected) index values with smoother for Age1_ATS",NA,"Index",2025-04-10 08:31:32.829732,"StartTime: Wed Apr 9 11:47:53 2025"
"index10_resids_SE_total_Age1_ATS.png","Residuals of fit to index for Age1_ATS.<br>Values are based on the total standard error including any estimated additional uncertainty.",NA,"Index",2025-04-10 08:31:32.829732,"StartTime: Wed Apr 9 11:47:53 2025"
"index12_resids_SE_total_Age1_ATS.png","Deviations for fit to index for Age1_ATS.<br>Values are log(Obs) - log(Exp) and thus independent of index uncertainty.",NA,"Index",2025-04-10 08:31:32.829732,"StartTime: Wed Apr 9 11:47:53 2025"
"index1_cpuedata_Age1_BTS.png","Index data for Age1_BTS. Lines indicate 95% uncertainty interval around index values based on the model assumption of T-distributed error with 13 degrees of freedom. Thicker lines (if present) indicate input uncertainty before addition of estimated additional uncertainty parameter.",NA,"Index",2025-04-10 08:31:32.829732,"StartTime: Wed Apr 9 11:47:53 2025"
"index2_cpuefit_Age1_BTS.png","Fit to index data for Age1_BTS. Lines indicate 95% uncertainty interval around index values based on the model assumption of T-distributed error with 13 degrees of freedom. Thicker lines (if present) indicate input uncertainty before addition of estimated additional uncertainty parameter.",NA,"Index",2025-04-10 08:31:32.829732,"StartTime: Wed Apr 9 11:47:53 2025"
"index3_obs_vs_exp_Age1_BTS.png","Observed vs. expected index values with smoother for Age1_BTS",NA,"Index",2025-04-10 08:31:32.829732,"StartTime: Wed Apr 9 11:47:53 2025"
"index4_logcpuedata_Age1_BTS.png","Log index data for Age1_BTS. Lines indicate 95% uncertainty interval around index values based on the model assumption of T-distributed error with 13 degrees of freedom. Thicker lines (if present) indicate input uncertainty before addition of estimated additional uncertainty parameter.",NA,"Index",2025-04-10 08:31:32.829732,"StartTime: Wed Apr 9 11:47:53 2025"
"index5_logcpuefit_Age1_BTS.png","Fit to log index data on log scale for Age1_BTS. Lines indicate 95% uncertainty interval around index values based on the model assumption of T-distributed error with 13 degrees of freedom. Thicker lines (if present) indicate input uncertainty before addition of estimated additional uncertainty parameter.",NA,"Index",2025-04-10 08:31:32.829732,"StartTime: Wed Apr 9 11:47:53 2025"
"index6_log_obs_vs_exp_Age1_BTS.png","log(observed) vs. log(expected) index values with smoother for Age1_BTS",NA,"Index",2025-04-10 08:31:32.829732,"StartTime: Wed Apr 9 11:47:53 2025"
"index10_resids_SE_total_Age1_BTS.png","Residuals of fit to index for Age1_BTS.<br>Values are based on the total standard error including any estimated additional uncertainty.",NA,"Index",2025-04-10 08:31:32.829732,"StartTime: Wed Apr 9 11:47:53 2025"
"index12_resids_SE_total_Age1_BTS.png","Deviations for fit to index for Age1_BTS.<br>Values are log(Obs) - log(Exp) and thus independent of index uncertainty.",NA,"Index",2025-04-10 08:31:32.829732,"StartTime: Wed Apr 9 11:47:53 2025"
"index9_standcpueall.png","Standardized indices overlaid. Each index is rescaled to have mean observation = 1.0.",NA,"Index",2025-04-10 08:31:32.829732,"StartTime: Wed Apr 9 11:47:53 2025"
"numbers1_sex1_beg.png","Beginning of year expected numbers at age in (max ~ 187.0 million)",NA,"Numbers",2025-04-10 08:31:32.829732,"StartTime: Wed Apr 9 11:47:53 2025"
"numbers1_sex1_mid.png","Middle of year expected numbers at age in (max ~ 119.2 million)",NA,"Numbers",2025-04-10 08:31:32.829732,"StartTime: Wed Apr 9 11:47:53 2025"
"numbers6_len_sex1.png","Beginning of year expected numbers at length in (max ~ 188.8 million)",NA,"Numbers",2025-04-10 08:31:32.829732,"StartTime: Wed Apr 9 11:47:53 2025"
"numbers6_len_sex1.png","Middle of year expected numbers at length in (max ~ 119.2 million)",NA,"Numbers",2025-04-10 08:31:32.829732,"StartTime: Wed Apr 9 11:47:53 2025"
"numbers4_equilagecomp.png","Equilibrium age distribution",NA,"Numbers",2025-04-10 08:31:32.829732,"StartTime: Wed Apr 9 11:47:53 2025"
"numbers5_ageerrorSD.png","Ageing imprecision: SD of observed age (yr)",NA,"Numbers",2025-04-10 08:31:32.829732,"StartTime: Wed Apr 9 11:47:53 2025"
"numbers10_ageerror_matrix_1.png","Distribution of observed age at true age 
 for ageing error type 1",NA,"Numbers",2025-04-10 08:31:32.829732,"StartTime: Wed Apr 9 11:47:53 2025"
"numbers10_ageerror_matrix_2.png","Distribution of observed age at true age 
 for ageing error type 2",NA,"Numbers",2025-04-10 08:31:32.829732,"StartTime: Wed Apr 9 11:47:53 2025"
"comp_agedat__aggregated_across_time.png","Age comp data, aggregated across time by fleet.
 <br> Labels 'retained' and 'discard' indicate discarded or retained sampled for each fleet. Panels without this designation represent the whole catch.
",NA,"CompDat",2025-04-10 08:31:32.829732,"StartTime: Wed Apr 9 11:47:53 2025"
"comp_agedat__multi-fleet_comparison.png","Age comp data,  comparing across fleets",NA,"CompDat",2025-04-10 08:31:32.829732,"StartTime: Wed Apr 9 11:47:53 2025"
"comp_agedat_flt1mkt0_page1.png","Age comp data, whole catch, Fishery (plot 1 of 3).<br><br>'N adj.' is the input sample size after data-weighting adjustment. N eff. is the calculated effective sample size used in the McAllister-Ianelli tuning method.",NA,"CompDat",2025-04-10 08:31:32.829732,"StartTime: Wed Apr 9 11:47:53 2025"
"comp_agedat_flt1mkt0_page2.png","Age comp data, whole catch, Fishery (plot 1 of 3).<br><br>'N adj.' is the input sample size after data-weighting adjustment. N eff. is the calculated effective sample size used in the McAllister-Ianelli tuning method. (plot 2 of 3)",NA,"CompDat",2025-04-10 08:31:32.829732,"StartTime: Wed Apr 9 11:47:53 2025"
"comp_agedat_flt1mkt0_page3.png","Age comp data, whole catch, Fishery (plot 1 of 3).<br><br>'N adj.' is the input sample size after data-weighting adjustment. N eff. is the calculated effective sample size used in the McAllister-Ianelli tuning method. (plot 2 of 3) (plot 3 of 3)",NA,"CompDat",2025-04-10 08:31:32.829732,"StartTime: Wed Apr 9 11:47:53 2025"
"comp_agedat_bubflt1mkt0_page3.png","Age comp data, whole catch, Fishery (max=0.68) (plot 3 of 3)",NA,"CompDat",2025-04-10 08:31:32.829732,"StartTime: Wed Apr 9 11:47:53 2025"
"comp_agedat_data_weighting_TA1-8_Fishery.png","Mean age for Fishery with 95% confidence intervals based on current sample sizes.",NA,"CompDat",2025-04-10 08:31:32.829732,"StartTime: Wed Apr 9 11:47:53 2025"
"comp_agedat_flt2mkt0.png","Age comp data, whole catch, Acoustic_Survey.<br><br>'N adj.' is the input sample size after data-weighting adjustment. N eff. is the calculated effective sample size used in the McAllister-Ianelli tuning method.",NA,"CompDat",2025-04-10 08:31:32.829732,"StartTime: Wed Apr 9 11:47:53 2025"
"comp_agedat_bubflt2mkt0.png","Age comp data, whole catch, Acoustic_Survey (max=0.68)",NA,"CompDat",2025-04-10 08:31:32.829732,"StartTime: Wed Apr 9 11:47:53 2025"
"comp_agedat_data_weighting_TA1-8_Acoustic_Survey.png","Mean age for Acoustic_Survey with 95% confidence intervals based on current sample sizes.",NA,"CompDat",2025-04-10 08:31:32.829732,"StartTime: Wed Apr 9 11:47:53 2025"
"comp_agedat_flt3mkt0_page1.png","Age comp data, whole catch, bottom_Survey (plot 1 of 2).<br><br>'N adj.' is the input sample size after data-weighting adjustment. N eff. is the calculated effective sample size used in the McAllister-Ianelli tuning method.",NA,"CompDat",2025-04-10 08:31:32.829732,"StartTime: Wed Apr 9 11:47:53 2025"
"comp_agedat_flt3mkt0_page2.png","Age comp data, whole catch, bottom_Survey (plot 1 of 2).<br><br>'N adj.' is the input sample size after data-weighting adjustment. N eff. is the calculated effective sample size used in the McAllister-Ianelli tuning method. (plot 2 of 2)",NA,"CompDat",2025-04-10 08:31:32.829732,"StartTime: Wed Apr 9 11:47:53 2025"
"comp_agedat_bubflt3mkt0_page2.png","Age comp data, whole catch, bottom_Survey (max=0.55) (plot 2 of 2)",NA,"CompDat",2025-04-10 08:31:32.829732,"StartTime: Wed Apr 9 11:47:53 2025"
"comp_agedat_data_weighting_TA1-8_bottom_Survey.png","Mean age for bottom_Survey with 95% confidence intervals based on current sample sizes.",NA,"CompDat",2025-04-10 08:31:32.829732,"StartTime: Wed Apr 9 11:47:53 2025"
"comp_agefit__aggregated_across_time.png","Age comps, aggregated across time by fleet.
 <br> Labels 'retained' and 'discard' indicate discarded or retained sampled for each fleet. Panels without this designation represent the whole catch.
",NA,"AgeComp",2025-04-10 08:31:32.829732,"StartTime: Wed Apr 9 11:47:53 2025"
"comp_agefit__multi-fleet_comparison.png","Pearson residuals,  comparing across fleets <br> 
Closed bubbles are positive residuals (observed > expected) and open bubbles are negative residuals (observed < expected).",NA,"AgeComp",2025-04-10 08:31:32.829732,"StartTime: Wed Apr 9 11:47:53 2025"
"comp_agefit_flt1mkt0_page1.png","Age comps, whole catch, Fishery (plot 1 of 3).<br><br>'N adj.' is the input sample size after data-weighting adjustment. N eff. is the calculated effective sample size used in the McAllister-Ianelli tuning method.",NA,"AgeComp",2025-04-10 08:31:32.829732,"StartTime: Wed Apr 9 11:47:53 2025"
"comp_agefit_flt1mkt0_page2.png","Age comps, whole catch, Fishery (plot 1 of 3).<br><br>'N adj.' is the input sample size after data-weighting adjustment. N eff. is the calculated effective sample size used in the McAllister-Ianelli tuning method. (plot 2 of 3)",NA,"AgeComp",2025-04-10 08:31:32.829732,"StartTime: Wed Apr 9 11:47:53 2025"
"comp_agefit_flt1mkt0_page3.png","Age comps, whole catch, Fishery (plot 1 of 3).<br><br>'N adj.' is the input sample size after data-weighting adjustment. N eff. is the calculated effective sample size used in the McAllister-Ianelli tuning method. (plot 2 of 3) (plot 3 of 3)",NA,"AgeComp",2025-04-10 08:31:32.829732,"StartTime: Wed Apr 9 11:47:53 2025"
"comp_agefit_residsflt1mkt0_page3.png","Pearson residuals, whole catch, Fishery (max=15.35) (plot 3 of 3) <br> 
Closed bubbles are positive residuals (observed > expected) and open bubbles are negative residuals (observed < expected).",NA,"AgeComp",2025-04-10 08:31:32.829732,"StartTime: Wed Apr 9 11:47:53 2025"
"comp_agefit_sampsize_flt1mkt0.png","N-EffN comparison, Age comps, whole catch, Fishery",NA,"AgeComp",2025-04-10 08:31:32.829732,"StartTime: Wed Apr 9 11:47:53 2025"
"comp_agefit_data_weighting_TA1-8_Fishery.png","Mean age for Fishery with 95% confidence intervals based on current sample sizes.<br>Francis data weighting method TA1.8: thinner intervals (with capped ends) show result of further adjusting sample sizes based on suggested multiplier (with 95% interval) for age data from Fishery:<br>0.9161 (0.6454-1.5344) <br>For more info, see  <a href=https://doi.org/10.1139/f2011-025> Francis (2011)</a>.",NA,"AgeComp",2025-04-10 08:31:32.829732,"StartTime: Wed Apr 9 11:47:53 2025"
"comp_agefit_flt2mkt0.png","Age comps, whole catch, Acoustic_Survey.<br><br>'N adj.' is the input sample size after data-weighting adjustment. N eff. is the calculated effective sample size used in the McAllister-Ianelli tuning method.",NA,"AgeComp",2025-04-10 08:31:32.829732,"StartTime: Wed Apr 9 11:47:53 2025"
"comp_agefit_residsflt2mkt0.png","Pearson residuals, whole catch, Acoustic_Survey (max=5.54) <br> 
Closed bubbles are positive residuals (observed > expected) and open bubbles are negative residuals (observed < expected).",NA,"AgeComp",2025-04-10 08:31:32.829732,"StartTime: Wed Apr 9 11:47:53 2025"
"comp_agefit_sampsize_flt2mkt0.png","N-EffN comparison, Age comps, whole catch, Acoustic_Survey",NA,"AgeComp",2025-04-10 08:31:32.829732,"StartTime: Wed Apr 9 11:47:53 2025"
"comp_agefit_data_weighting_TA1-8_Acoustic_Survey.png","Mean age for Acoustic_Survey with 95% confidence intervals based on current sample sizes.<br>Francis data weighting method TA1.8: thinner intervals (with capped ends) show result of further adjusting sample sizes based on suggested multiplier (with 95% interval) for age data from Acoustic_Survey:<br>1.3592 (0.7542-4.5989) <br>For more info, see  <a href=https://doi.org/10.1139/f2011-025> Francis (2011)</a>.",NA,"AgeComp",2025-04-10 08:31:32.829732,"StartTime: Wed Apr 9 11:47:53 2025"
"comp_agefit_flt3mkt0_page1.png","Age comps, whole catch, bottom_Survey (plot 1 of 2).<br><br>'N adj.' is the input sample size after data-weighting adjustment. N eff. is the calculated effective sample size used in the McAllister-Ianelli tuning method.",NA,"AgeComp",2025-04-10 08:31:32.829732,"StartTime: Wed Apr 9 11:47:53 2025"
"comp_agefit_flt3mkt0_page2.png","Age comps, whole catch, bottom_Survey (plot 1 of 2).<br><br>'N adj.' is the input sample size after data-weighting adjustment. N eff. is the calculated effective sample size used in the McAllister-Ianelli tuning method. (plot 2 of 2)",NA,"AgeComp",2025-04-10 08:31:32.829732,"StartTime: Wed Apr 9 11:47:53 2025"
"comp_agefit_residsflt3mkt0_page2.png","Pearson residuals, whole catch, bottom_Survey (max=9.13) (plot 2 of 2) <br> 
Closed bubbles are positive residuals (observed > expected) and open bubbles are negative residuals (observed < expected).",NA,"AgeComp",2025-04-10 08:31:32.829732,"StartTime: Wed Apr 9 11:47:53 2025"
"comp_agefit_sampsize_flt3mkt0.png","N-EffN comparison, Age comps, whole catch, bottom_Survey",NA,"AgeComp",2025-04-10 08:31:32.829732,"StartTime: Wed Apr 9 11:47:53 2025"
"comp_agefit_data_weighting_TA1-8_bottom_Survey.png","Mean age for bottom_Survey with 95% confidence intervals based on current sample sizes.<br>Francis data weighting method TA1.8: thinner intervals (with capped ends) show result of further adjusting sample sizes based on suggested multiplier (with 95% interval) for age data from bottom_Survey:<br>0.1994 (0.132-0.3529) <br>For more info, see  <a href=https://doi.org/10.1139/f2011-025> Francis (2011)</a>.",NA,"AgeComp",2025-04-10 08:31:32.829732,"StartTime: Wed Apr 9 11:47:53 2025"
"yield1_yield_curve.png","Yield curve",NA,"Yield",2025-04-10 08:31:32.829732,"StartTime: Wed Apr 9 11:47:53 2025"
"yield2_yield_curve_with_refpoints.png","Yield curve with reference points",NA,"Yield",2025-04-10 08:31:32.829732,"StartTime: Wed Apr 9 11:47:53 2025"
"yield3_surplus_production.png","Surplus production vs. total biomass plot. For interpretation, see<br> <blockquote>Walters, Hilborn, and  Christensen, 2008, Surplus production dynamics in declining and recovering fish populations. <i>Can. J. Fish. Aquat. Sci.</i> 65: 2536-2551. <a href='https://doi.org/10.1139/F08-170'>https://doi.org/10.1139/F08-170</a>.</blockquote>",NA,"Yield",2025-04-10 08:31:32.829732,"StartTime: Wed Apr 9 11:47:53 2025"
"yield4_surplus_production.png","Surplus production vs. spawning biomass plot. For interpretation, see<br> <blockquote>Forrest, Kronlund, Cleary, and Grinnell. 2023. An evidence-based approach for selecting a limit reference point for Pacific herring (<i>Clupea pallasii</i>) stocks in British Columbia, Canada. <i>Can. J. Fish. Aquat. Sci.</i> 80: 1071-1083. <a href='https://doi.org/10.1139/cjfas-2022-0168'>https://doi.org/10.1139/cjfas-2022-0168</a>.</blockquote>",NA,"Yield",2025-04-10 08:31:32.829732,"StartTime: Wed Apr 9 11:47:53 2025"
"yield5_YPR_timeseries.png","Time series of yield per recruit (kg)",NA,"Yield",2025-04-10 08:31:32.829732,"StartTime: Wed Apr 9 11:47:53 2025"
"data_plot.png","Data presence by year for each fleet and data type.",NA,"Data",2025-04-10 08:31:32.829732,"StartTime: Wed Apr 9 11:47:53 2025"
"data_plot2.png","Data presence by year for each fleet, where circle area is <br>  relative within a data type. Circles are proportional to <br>  total catch for catches; to precision for indices, discards, and <br>  mean body weight observations; and to total sample size for <br> compositions and mean weight- or length-at-age observations. <br> Observations excluded from the likelihood have <br> equal size for all years. <br> Note that since the circles are are scaled relative <br>  to maximum within each type, the scaling within separate plots <br>  should not be compared.",NA,"Data",2025-04-10 08:31:32.829732,"StartTime: Wed Apr 9 11:47:53 2025"
"parameter_distributions_page1.png","Parameter distribution plots (plot 1 of 4). <br>Deviation parameters are not included. <br>Plotting range is equal to input limits on parameters. Use fitrange = TRUE to scale the range to the estimates.",NA,"Pars",2025-04-10 08:31:32.829732,"StartTime: Wed Apr 9 11:47:53 2025"
"parameter_distributions_page2.png","Parameter distribution plots (plot 2 of 4).",NA,"Pars",2025-04-10 08:31:32.829732,"StartTime: Wed Apr 9 11:47:53 2025"
"parameter_distributions_page3.png","Parameter distribution plots (plot 3 of 4).",NA,"Pars",2025-04-10 08:31:32.829732,"StartTime: Wed Apr 9 11:47:53 2025"
"parameter_distributions_page4.png","Parameter distribution plots (plot 4 of 4).",NA,"Pars",2025-04-10 08:31:32.829732,"StartTime: Wed Apr 9 11:47:53 2025"
"parameterchecks.html","<b>Estimated parameters (excluding deviation parameters)</b><br> Any parameter with a gradient value with an absolute value above 0.001 or a parameter on bounds is colored in red.",NA,"DiagnosticTables",2025-04-10 08:31:32.829732,"StartTime: Wed Apr 9 11:47:53 2025"
"correlationcheck.html","<b>Highly correlated parameter pairs</b><br> Pairs of parameters with the  50  highest correlations, sorted by absolute value of the correlation. Correlations above 0.95 (in absolute value) are colored in red. These parameters may be confounded or may cause convergence issues.",NA,"DiagnosticTables",2025-04-10 08:31:32.829732,"StartTime: Wed Apr 9 11:47:53 2025"
"lowcorrelationcheck.html","<b>Parameters with low correlations</b><br> Estimated parameters that are the least correlated with all other parameters. The correlation value represents the maximum correlation between the parameter in question and all other estimated parameters. Uncorrelated parameters may not be playing a significant role in the model. Maximum correlations below 0.01 are colored in red.",NA,"DiagnosticTables",2025-04-10 08:31:32.829732,"StartTime: Wed Apr 9 11:47:53 2025"
